GLOBALEVENTID,SQLDATE,Actor1Geo_FullName,Actor2Geo_FullName,DATEADDED,SOURCEURL,AvgTone
469832902,20150924,"Ilado, Ondo, Nigeria","Ilado, Ondo, Nigeria",20150924081500,http://nigerianreviews.com/olu-falae-buhari-gives-police-security-agencies-marching-order/,-3.83895131086142
469832927,20150924,"Ilado, Ondo, Nigeria","Ilado, Ondo, Nigeria",20150924081500,http://nigerianreviews.com/olu-falae-buhari-gives-police-security-agencies-marching-order/,-3.83895131086142
469621542,20150923,"Buhari, Kano, Nigeria","Buhari, Kano, Nigeria",20150923170000,http://www.informationng.com/2015/09/buhari-directs-ig-other-security-agencies-to-ensure-safe-rescue-of-falae.html,-0.95693779904306
469621551,20150923,"Buhari, Kano, Nigeria","Buhari, Kano, Nigeria",20150923170000,http://www.informationng.com/2015/09/buhari-directs-ig-other-security-agencies-to-ensure-safe-rescue-of-falae.html,-0.95693779904306
470043888,20150924,"Ondo State, Ondo, Nigeria","Abuja, Abuja Federal Capital Territory, Nigeria",20150924233000,http://newnigerianpolitics.com/2015/09/24/falae-rescued-through-aerial-ground-operations-police/,-3.6734693877551
469674235,20150923,"Bariga, Sokoto, Nigeria","Lagos, Lagos, Nigeria",20150923204500,https://www.naij.com/562583-read-armed-robbers-kogi.html,-9.87654320987652
469674238,20150923,"Bariga, Sokoto, Nigeria","Lagos, Lagos, Nigeria",20150923204500,https://www.naij.com/562583-read-armed-robbers-kogi.html,-9.87654320987652
470532506,20150926,Nigeria,Nigeria,20150926161500,http://www.augsburger-allgemeine.de/politik/Boko-Haram-toetet-bei-Angriff-mindestens-15-Zivilisten-id35605807.html,-6.83760683760683
470259178,20150925,"Yalwa, Kano, Nigeria","Yalwa, Kano, Nigeria",20150925150000,http://dailytrust.com.ng/news/general/hajj-stampede-nigeria-demands-inclusion-in-saudi-probe/112367.html,-4.50643776824034
470259191,20150925,"Yalwa, Kano, Nigeria","Yalwa, Kano, Nigeria",20150925150000,http://dailytrust.com.ng/news/general/hajj-stampede-nigeria-demands-inclusion-in-saudi-probe/112367.html,-4.50643776824034
470356582,20150925,"Lake Chad, Nigeria (general), Nigeria","Banki, Extreme-Nord, Cameroon",20150925223000,http://thenewsnigeria.com.ng/2015/09/200-boko-haram-fighters-surrender-in-banki-town/,-8.62068965517241
469576526,20150923,"Abuja, Abuja Federal Capital Territory, Nigeria","Abuja, Abuja Federal Capital Territory, Nigeria",20150923141500,http://www.ngrguardiannews.com/2015/09/buhari-orders-police-security-agencies-to-rescue-falae/,-0.97560975609757
469776221,20150924,"Ondo State, Ondo, Nigeria","Ondo State, Ondo, Nigeria",20150924040000,http://leadership.ng/news/462816/pmb-orders-police-to-ensure-falaes-safe-rescue,-0.36630036630037
469745712,20150923,"Ijomu, Nigeria (general), Nigeria","Ijomu, Nigeria (general), Nigeria",20150924014500,http://thenationonlineng.net/buhari-orders-police-chief-to-bring-back-falae-safely/,-2.24525043177893
470448745,20150926,"Lake Chad, Nigeria (general), Nigeria","Banki, Borno, Nigeria",20150926073000,https://uk.news.yahoo.com/boko-haram-nigerian-army-claims-070804665.html,-7.89473684210527
470139334,20150924,"Muzdalifah, Makkah, Saudi Arabia","Muzdalifah, Makkah, Saudi Arabia",20150925063000,http://www.thisdaylive.com/articles/borno-pilgrims-chair-female-journalist-bilkisu-yusuf-many-nigerians-among-717-killed-in-mina/221108/,-5.39345711759505
470187998,20150924,"Ilado, Ondo, Nigeria","Ilado, Ondo, Nigeria",20150925101500,http://omojuwa.com/2015/09/i-slept-on-bare-floor-falae-shares-his-ordeal-with-kidnappers/,-3.19488817891373
469349667,20150922,"Fulani, Zamfara, Nigeria","Ilado, Ondo, Nigeria",20150922230000,http://ireports-ng.com/2015/09/22/trouble-brews-between-yoruba-and-hausa-community-in-south-west-over-falaes-kidnap-by-fulani-herdsmen/,-4.9079754601227
469349668,20150922,"Fulani, Zamfara, Nigeria","Ondo State, Ondo, Nigeria",20150922230000,http://ireports-ng.com/2015/09/22/trouble-brews-between-yoruba-and-hausa-community-in-south-west-over-falaes-kidnap-by-fulani-herdsmen/,-4.9079754601227
469349669,20150922,"Fulani, Zamfara, Nigeria","Fulani, Zamfara, Nigeria",20150922230000,http://ireports-ng.com/2015/09/22/trouble-brews-between-yoruba-and-hausa-community-in-south-west-over-falaes-kidnap-by-fulani-herdsmen/,-4.9079754601227
469326513,20150922,"Lagos, Lagos, Nigeria","Lagos, Lagos, Nigeria",20150922211500,http://www.premiumtimesng.com/regional/ssouth-west/190469-falaes-abduction-opc-warns-fulani-herdsmen.html,-4.45205479452054
469326514,20150922,"Lagos, Lagos, Nigeria","Lagos, Lagos, Nigeria",20150922211500,http://www.premiumtimesng.com/regional/ssouth-west/190469-falaes-abduction-opc-warns-fulani-herdsmen.html,-4.45205479452054
469408842,20150922,"Ogun State, Ogun, Nigeria","Abeokuta, Ogun, Nigeria",20150923023000,http://dailyindependentnig.com/2015/09/abduction-prominent-nigerians-besiege-falaes-residence/,-5.62200956937799
469408843,20150922,"Ogun State, Ogun, Nigeria","Akure, Ondo, Nigeria",20150923023000,http://dailyindependentnig.com/2015/09/abduction-prominent-nigerians-besiege-falaes-residence/,-5.62200956937799
469408844,20150922,"Ogun State, Ogun, Nigeria","Ogun State, Ogun, Nigeria",20150923023000,http://dailyindependentnig.com/2015/09/abduction-prominent-nigerians-besiege-falaes-residence/,-5.62200956937799
469410468,20150923,"Ogun State, Ogun, Nigeria","Ogun State, Ogun, Nigeria",20150923023000,http://dailyindependentnig.com/2015/09/abduction-prominent-nigerians-besiege-falaes-residence/,-5.62200956937799
470162166,20150925,"Chibok, Borno, Nigeria","Chibok, Borno, Nigeria",20150925081500,http://leadership.ng/news/463042/bbog-group-laments-celebrating-another-sallah-without-chibok-girls,-3.01810865191147
470162173,20150925,"Lawani, Nigeria (general), Nigeria","Lawani, Nigeria (general), Nigeria",20150925081500,http://thenewsnigeria.com.ng/2015/09/nigerian-troops-capture-boko-haram-fuel-dump/,-5.03597122302158
469457036,20150923,"Borno State, Borno, Nigeria","Monguno, Borno, Nigeria",20150923061500,http://www.nigerianeye.com/search?updated-max=2015-09-22T13:55:00+01:00&max-results=30,-3.79362670713202
470360244,20150925,"Paris, RhôAlpes, France","Paris, RhôAlpes, France",20150925224500,http://mundinews.com/counselor-victor-gill-ramirez-tuiteo-nigeria-admite-trocar-meninas-raptadas-por-prisioneiros-do-boko-haram/,4.99999999999997
470360245,20150925,"Paris, RhôAlpes, France",Nigeria,20150925224500,http://mundinews.com/counselor-victor-gill-ramirez-tuiteo-nigeria-admite-trocar-meninas-raptadas-por-prisioneiros-do-boko-haram/,4.99999999999997
470360246,20150925,Nigeria,Brazil,20150925224500,http://mundinews.com/counselor-victor-gill-ramirez-tuiteo-nigeria-admite-trocar-meninas-raptadas-por-prisioneiros-do-boko-haram/,4.99999999999997
470360247,20150925,Nigeria,Nigeria,20150925224500,http://mundinews.com/counselor-victor-gill-ramirez-tuiteo-nigeria-admite-trocar-meninas-raptadas-por-prisioneiros-do-boko-haram/,4.99999999999997
469857687,20150924,"Ondo State, Ondo, Nigeria","Akure, Ondo, Nigeria",20150924101500,http://dailypost.ng/2015/09/24/we-will-not-tolerate-herdsmens-misdeeds-any-longer-ondo-farmers-on-falaes-kidnap/,-3.9647577092511
469857688,20150924,"Ondo State, Ondo, Nigeria","Akure, Ondo, Nigeria",20150924101500,http://dailypost.ng/2015/09/24/we-will-not-tolerate-herdsmens-misdeeds-any-longer-ondo-farmers-on-falaes-kidnap/,-3.9647577092511
469857697,20150924,"Akure, Ondo, Nigeria","Akure, Ondo, Nigeria",20150924101500,http://dailypost.ng/2015/09/24/we-will-not-tolerate-herdsmens-misdeeds-any-longer-ondo-farmers-on-falaes-kidnap/,-3.9647577092511
469613857,20150923,"Ilado, Ondo, Nigeria","Ilado, Ondo, Nigeria",20150923163000,http://www.vanguardngr.com/2015/09/how-our-boss-was-abducted-falaes-pa-driver/,-4.84818805093046
469960052,20150924,"Ilorin, Kwara, Nigeria","Abuja, Abuja Federal Capital Territory, Nigeria",20150924170000,http://www.pmnewsnigeria.com/2015/09/24/home-loss-saraki-stoned-in-ilorin-at-eid-praying-ground/,-4.77941176470588
470460287,20150926,"Abuja, Abuja Federal Capital Territory, Nigeria","Mongonu, Borno, Nigeria",20150926083000,http://nigerianewspapers.com.ng/the-day-i-confronted-boko-haram/,-2.71026027102603
470460288,20150926,"Borno State, Borno, Nigeria","Borno State, Borno, Nigeria",20150926083000,http://nigerianewspapers.com.ng/the-day-i-confronted-boko-haram/,-2.71026027102603
470460289,20150926,"Mongonu, Borno, Nigeria","Borno State, Borno, Nigeria",20150926083000,http://nigerianewspapers.com.ng/the-day-i-confronted-boko-haram/,-2.71026027102603
470460290,20150926,"Mongonu, Borno, Nigeria",United States,20150926083000,http://nigerianewspapers.com.ng/the-day-i-confronted-boko-haram/,-2.71026027102603
470460291,20150926,Niger,"Mongonu, Borno, Nigeria",20150926083000,http://nigerianewspapers.com.ng/the-day-i-confronted-boko-haram/,-2.71026027102603
469944002,20150924,"Akure, Ondo, Nigeria","Buhari, Kano, Nigeria",20150924160000,http://www.nigerianeye.com/2015/09/mimiko-should-be-blamed-for-falaes.html,-7.08534621578099
469597289,20150923,"Borno State, Borno, Nigeria","Borno State, Borno, Nigeria",20150923153000,http://www.nigerianeye.com/search?updated-max=2015-09-22T17:49:00+01:00&max-results=30,-2.42085661080074
469291058,20150922,"Monguno, Borno, Nigeria","Monguno, Borno, Nigeria",20150922184500,http://thenationonlineng.net/30-traders-killed-55-injured-in-borno/,-9.79729729729726
470329145,20150925,"Lagos, Lagos, Nigeria","Rivers State, Rivers, Nigeria",20150925200000,http://www.news24.com.ng/National/News/Gunmen-kidnap-two-clergymen-demand-ransom-20150925,-8.8
470062941,20150925,"Ondo State, Ondo, Nigeria","Ondo State, Ondo, Nigeria",20150925003000,http://dailyindependentnig.com/2015/09/falae-regains-freedom/,-1.52671755725191
470062942,20150925,"Ondo State, Ondo, Nigeria","Ondo State, Ondo, Nigeria",20150925003000,http://dailyindependentnig.com/2015/09/falae-regains-freedom/,-1.52671755725191
469729349,20150924,"Abuja, Abuja Federal Capital Territory, Nigeria","Enugu, Enugu, Nigeria",20150924004500,http://sunnewsonline.com/new/falae-buhari-gives-police-security-agencies-marching-order/,-3.77532228360957
469729350,20150924,"Enugu, Enugu, Nigeria","Enugu, Enugu, Nigeria",20150924004500,http://sunnewsonline.com/new/falae-buhari-gives-police-security-agencies-marching-order/,-3.77532228360957
469729351,20150924,"Ondo State, Ondo, Nigeria","Ondo State, Ondo, Nigeria",20150924004500,http://sunnewsonline.com/new/falae-buhari-gives-police-security-agencies-marching-order/,-3.77532228360957
469729354,20150924,"Enugu, Enugu, Nigeria","Enugu, Enugu, Nigeria",20150924004500,http://sunnewsonline.com/new/falae-buhari-gives-police-security-agencies-marching-order/,-3.77532228360957
469453800,20150923,"Fulani, Zamfara, Nigeria","Ilado, Ondo, Nigeria",20150923060000,http://abusidiqu.com/trouble-brews-between-yoruba-and-hausa-community-in-south-west-over-falaes-kidnap-by-fulani-herdsmen/,-5.01882057716436
469453801,20150923,"Fulani, Zamfara, Nigeria","Ondo State, Ondo, Nigeria",20150923060000,http://abusidiqu.com/trouble-brews-between-yoruba-and-hausa-community-in-south-west-over-falaes-kidnap-by-fulani-herdsmen/,-5.01882057716436
469453802,20150923,"Fulani, Zamfara, Nigeria","Fulani, Zamfara, Nigeria",20150923060000,http://abusidiqu.com/trouble-brews-between-yoruba-and-hausa-community-in-south-west-over-falaes-kidnap-by-fulani-herdsmen/,-5.01882057716436
470112650,20150925,"Gwoza, Borno, Nigeria","Gwoza, Borno, Nigeria",20150925041500,http://www.thisdaylive.com/articles/nigerian-military-dismantles-boko-haram-fuel-depot-recaptures-banki-town/221098/,-4.57380457380457
470416698,20150926,"Komadougou Yobe, Nigeria (general), Nigeria","Komadougou Yobe, Nigeria (general), Nigeria",20150926031500,http://www.tt.com/home/10558185-91/boko-haram-t%C3%B6tete-15-zivilisten-bei-angriff-im-niger.csp,-5.98290598290598
469616321,20150923,"Fulani, Zamfara, Nigeria","Fulani, Zamfara, Nigeria",20150923164500,http://www.gospelherald.com/articles/58048/20150923/muslim-attacks-on-christian-communities-in-plateau-state-nigeria-kill-38-displace-5-000.htm,-7.2840790842872
469616342,20150923,"Abuja, Abuja Federal Capital Territory, Nigeria","Abuja, Abuja Federal Capital Territory, Nigeria",20150923164500,http://pulse.ng/gist/shame-prostitutes-hold-top-politician-hostage-in-asaba-id4195779.html,-1.34048257372654
469527738,20150923,Germany,Germany,20150923111500,http://www.thelocal.de/20150923/kidnapped-german-freed-in-nigeria,-5.25210084033614
469527740,20150923,"Niger Delta, Nigeria (general), Nigeria","Ogun State, Ogun, Nigeria",20150923111500,http://www.thelocal.de/20150923/kidnapped-german-freed-in-nigeria,-5.25210084033614
469527741,20150923,"Niger Delta, Nigeria (general), Nigeria","Ogun State, Ogun, Nigeria",20150923111500,http://www.thelocal.de/20150923/kidnapped-german-freed-in-nigeria,-5.25210084033614
469527742,20150923,"Ogun State, Ogun, Nigeria","Ogun State, Ogun, Nigeria",20150923111500,http://www.thelocal.de/20150923/kidnapped-german-freed-in-nigeria,-5.25210084033614
469527743,20150923,"Kano, Kano, Nigeria","Kano, Kano, Nigeria",20150923111500,http://www.thelocal.de/20150923/kidnapped-german-freed-in-nigeria,-5.25210084033614
469527744,20150923,"Kano, Kano, Nigeria",Germany,20150923111500,http://www.thelocal.de/20150923/kidnapped-german-freed-in-nigeria,-5.25210084033614
469443118,20150923,"Anambra State, Anambra, Nigeria","Anambra State, Anambra, Nigeria",20150923051500,http://dailyindependentnig.com/2015/09/the-increasing-wave-of-kidnappings/,-8.49420849420849
469387114,20150923,"Oba-Ile, Ondo, Nigeria","Oba-Ile, Ondo, Nigeria",20150923010000,http://www.punchng.com/politics/find-falae-fasehun-orders-opc/,-6.05095541401274
469275261,20150922,"Borno State, Borno, Nigeria","Monguno, Borno, Nigeria",20150922174500,http://www.punchng.com/news/27-dead-62-injured-in-moguno-suicide-bombing/,-6.66666666666667
469540499,20150923,Nigeria,Nigeria,20150923120000,http://www.vanguardngr.com/2015/09/buhari-orders-ig-on-immediate-rescue-of-falae/,0.900900900900909
469930166,20150924,"Akure, Ondo, Nigeria","Akure, Ondo, Nigeria",20150924151500,http://www.pmnewsnigeria.com/2015/09/24/breaking-olu-falae-regains-freedom/,-1.97368421052632
470274519,20150925,"Maiduguri, Borno, Nigeria","Maiduguri, Borno, Nigeria",20150925160000,http://africanarguments.org/2015/09/25/western-partners-cant-provide-military-assistance-to-fight-boko-haram-but-heres-what-they-can-do-2/,-8.0944350758853
469371712,20150923,"Kayode, Nigeria (general), Nigeria","Kayode, Nigeria (general), Nigeria",20150923001500,http://www.punchng.com/i-punch/you-are-a-joker-mi-tells-fani-kayode/,-2.67716535433071
469803441,20150924,"Olotu, Ondo, Nigeria","Olotu, Ondo, Nigeria",20150924060000,http://www.premiumtimesng.com/news/top-news/190537-falae-farmers-serve-govt-ultimatum-vow-action-against-herdsmen.html,-4.09683426443203
469803446,20150924,"Akure, Ondo, Nigeria","Ondo State, Ondo, Nigeria",20150924060000,http://www.premiumtimesng.com/news/top-news/190537-falae-farmers-serve-govt-ultimatum-vow-action-against-herdsmen.html,-4.09683426443203
470122815,20150925,"Ondo State, Ondo, Nigeria","Ondo State, Ondo, Nigeria",20150925050000,http://government.leadership.ng/news/463047/my-ordeal-in-kidnappers-den-olu-falae,-1.4405762304922
469822555,20150924,"Jangurori, Nigeria (general), Nigeria","Jangurori, Nigeria (general), Nigeria",20150924073000,http://middleastpost.com/nigerian-army-frees-241-women-children-from-boko-haram-camps/,-3.76432078559739
469822556,20150924,"Jangurori, Nigeria (general), Nigeria","Bulama, Sokoto, Nigeria",20150924073000,http://middleastpost.com/nigerian-army-frees-241-women-children-from-boko-haram-camps/,-3.76432078559739
469822559,20150924,"Jangurori, Nigeria (general), Nigeria","Jangurori, Nigeria (general), Nigeria",20150924073000,http://middleastpost.com/nigerian-army-frees-241-women-children-from-boko-haram-camps/,-3.76432078559739
470015799,20150924,"Borno State, Borno, Nigeria","Borno State, Borno, Nigeria",20150924210000,http://www.thisdaylive.com/articles/nigerian-military-dismantle-boko-haram-fuel-depot-in-borno/221091/,-5.79710144927536
469343698,20150922,"Minna, Niger, Nigeria","Minna, Niger, Nigeria",20150922223000,http://pulse.ng/local/in-minna-police-confirm-kidnap-of-hotelier-as-abductors-demand-n50m-ransom-id4193148.html,-5.01930501930502
469343699,20150922,"Minna, Niger, Nigeria","Minna, Niger, Nigeria",20150922223000,http://pulse.ng/local/in-minna-police-confirm-kidnap-of-hotelier-as-abductors-demand-n50m-ransom-id4193148.html,-5.01930501930502
469343700,20150922,"Minna, Niger, Nigeria",Niger,20150922223000,http://pulse.ng/local/in-minna-police-confirm-kidnap-of-hotelier-as-abductors-demand-n50m-ransom-id4193148.html,-5.01930501930502
470469600,20150926,Nigeria,Tunisia,20150926093000,http://www.theguardian.com/artanddesign/2015/sep/26/sylvanian-families-isis-freedom-of-expression-exhibition,-1.76991150442478
470469601,20150926,Tunisia,Tunisia,20150926093000,http://www.theguardian.com/artanddesign/2015/sep/26/sylvanian-families-isis-freedom-of-expression-exhibition,-1.76991150442478
470451130,20150926,"Abuja, Abuja Federal Capital Territory, Nigeria","Abuja, Abuja Federal Capital Territory, Nigeria",20150926074500,http://www.peoplesdailyng.com/the-day-i-confronted-boko-haram/,-2.77486910994764
470451131,20150926,"Mongonu, Borno, Nigeria","Mongonu, Borno, Nigeria",20150926074500,http://www.peoplesdailyng.com/the-day-i-confronted-boko-haram/,-2.77486910994764
470451132,20150926,United States,"Mongonu, Borno, Nigeria",20150926074500,http://www.peoplesdailyng.com/the-day-i-confronted-boko-haram/,-2.77486910994764
469957699,20150924,"Bulama, Sokoto, Nigeria","Bulama, Sokoto, Nigeria",20150924164500,http://www.noticias247.pr/index.php/internacionales/4716-ejercito-nigeriano-libera-a-241-mujeres-retenidas-por-boko-haram,-4.81099656357388
470224959,20150925,"Ilorin, Kwara, Nigeria","Tinubu, Lagos, Nigeria",20150925124500,http://pulse.ng/local/pulse-frontpage-read-todays-newspaper-headlines-friday-september-25-2015-id4201050.html,-6.95187165775401
470224960,20150925,"Tinubu, Lagos, Nigeria","Ilorin, Kwara, Nigeria",20150925124500,http://pulse.ng/local/pulse-frontpage-read-todays-newspaper-headlines-friday-september-25-2015-id4201050.html,-6.95187165775401
470126573,20150925,"Ondo State, Ondo, Nigeria","Ilado, Ondo, Nigeria",20150925051500,http://sunnewsonline.com/new/i-slept-on-bare-floor-for-4-days-falae/,0.23094688221709
470126590,20150925,"Ondo State, Ondo, Nigeria","Ilado, Ondo, Nigeria",20150925051500,http://sunnewsonline.com/new/i-slept-on-bare-floor-for-4-days-falae/,0.23094688221709
470126591,20150925,"Ondo State, Ondo, Nigeria","Ondo State, Ondo, Nigeria",20150925051500,http://sunnewsonline.com/new/i-slept-on-bare-floor-for-4-days-falae/,0.23094688221709
470197290,20150925,"Akure, Ondo, Nigeria","Akure, Ondo, Nigeria",20150925104500,http://www.promptnewsonline.com/falaes-abduction-underscores-urgent-need-for-community-policing-ajulo/,0.40485829959514
469657902,20150923,"Ondo State, Ondo, Nigeria","Ondo State, Ondo, Nigeria",20150923193000,http://tvcontinental.tv/article/falae%E2%80%99s-abduction-nans-gives-fulani-herdsmen-48-hours-ultimatum,-6.42857142857143
469818007,20150924,"Ilado, Ondo, Nigeria","Ilado, Ondo, Nigeria",20150924071500,http://allafrica.com/stories/201509240244.html,-4.88534396809571
470251390,20150925,"Kwara State, Kwara, Nigeria","Kwara State, Kwara, Nigeria",20150925143000,http://africajournalismtheworld.com/2015/09/25/nigeria-senate-head-saraki-pelted-with-stones-at-eid-prayers/,-6.10021786492375
470067526,20150925,"Ondo State, Ondo, Nigeria","Abuja, Abuja Federal Capital Territory, Nigeria",20150925004500,http://www.punchng.com/news/falae-rescued-through-aerial-ground-operations-police/,-3.26530612244898
469847709,20150924,"Akure, Ondo, Nigeria","Akure, Ondo, Nigeria",20150924093000,http://www.vanguardngr.com/2015/09/blame-mimiko-not-fg-for-falaes-kidnap-apc/,-7.24876441515651
469667994,20150923,"Kebbi, Sokoto, Nigeria","Kebbi, Sokoto, Nigeria",20150923201500,http://www.punchng.com/news/well-rescue-your-daughter-kebbi-police-assure-parents/,0.729927007299271
469999716,20150924,"Kano, Kano, Nigeria","Kano, Kano, Nigeria",20150924194500,"http://www.newageislam.com/islam,-women-and-feminism/new-age-islam-news-bureau/women-s-veils-a-sign-of-backwardness-in-xinjiang--officials/d/104705",-4.66592011944756
469999717,20150924,"Kontagora, Niger, Nigeria","Azare, Bauchi, Nigeria",20150924194500,"http://www.newageislam.com/islam,-women-and-feminism/new-age-islam-news-bureau/women-s-veils-a-sign-of-backwardness-in-xinjiang--officials/d/104705",-4.66592011944756
470149784,20150925,"Akure, Ondo, Nigeria","Akure, Ondo, Nigeria",20150925071500,http://abusidiqu.com/my-kidnappers-have-links-with-boko-haram-falaeigp-denies-paying-ransom-to-free-ex-sgf/,-3.82262996941896
470149785,20150925,"Akure, Ondo, Nigeria","Akure, Ondo, Nigeria",20150925071500,http://abusidiqu.com/my-kidnappers-have-links-with-boko-haram-falaeigp-denies-paying-ransom-to-free-ex-sgf/,-3.82262996941896
469531693,20150923,Nigeria,Nigeria,20150923113000,http://www.punchng.com/news/buhari-orders-ig-to-rescue-falae/,-1.45631067961166
470012633,20150924,"Ilorin, Kwara, Nigeria","Ilorin, Kwara, Nigeria",20150924204500,http://www.informationng.com/2015/09/saraki-was-never-attacked.html,-3.24675324675325
470006428,20150924,"Kayode, Nigeria (general), Nigeria","Ondo State, Ondo, Nigeria",20150924201500,http://www.ghanamma.com/worldnews/2015/09/mimiko-responsible-for-falaes-abduction-ondo-apc/,-5.93220338983051
470084034,20150925,"Borno State, Borno, Nigeria","Borno State, Borno, Nigeria",20150925014500,http://www.mynewswatchtimesng.com/army-shocked-captured-boko-haram-suspects-cant-recite-quran/,-6.97115384615384
470099087,20150925,"Ilado, Ondo, Nigeria","Akure, Ondo, Nigeria",20150925030000,http://ireports-ng.com/2015/09/24/my-kidnappers-have-links-with-boko-haram-falaeigp-denying-paying-ransom-to-free-ex-sgf/,-3.73134328358209
470099088,20150925,"Osun, Nigeria (general), Nigeria","Akure, Ondo, Nigeria",20150925030000,http://ireports-ng.com/2015/09/24/my-kidnappers-have-links-with-boko-haram-falaeigp-denying-paying-ransom-to-free-ex-sgf/,-3.73134328358209
470099111,20150925,"Akure, Ondo, Nigeria","Akure, Ondo, Nigeria",20150925030000,http://ireports-ng.com/2015/09/24/my-kidnappers-have-links-with-boko-haram-falaeigp-denying-paying-ransom-to-free-ex-sgf/,-3.73134328358209
470443177,20150926,Niger,Nigeria,20150926063000,http://www.banglanews24.com/fullnews/bn/428358.html,-9.7902097902098
470443178,20150926,Nigeria,Nigeria,20150926063000,http://www.banglanews24.com/fullnews/bn/428358.html,-9.7902097902098
469601695,20150923,"Maiduguri, Borno, Nigeria","Far North Region, Extreme-Nord, Cameroon",20150923154500,http://reliefweb.int/report/burkina-faso/west-and-central-africa-region-weekly-humanitarian-snapshot-15-21-september-2015,-9.61538461538462
469552121,20150923,"Buhari, Kano, Nigeria","Buhari, Kano, Nigeria",20150923124500,http://pulse.ng/local/buhari-president-orders-police-to-rescue-falae-id4194700.html,-3.18471337579618
468232507,20150919,"Gindiri, Nigeria (general), Nigeria","Gindiri, Nigeria (general), Nigeria",20150919000000,http://nationalmirroronline.net/new/birom-youths-cry-out-over-herdsmen-killings/,-7.67441860465117
468232567,20150919,"Lagos, Lagos, Nigeria","Lagos, Lagos, Nigeria",20150919000000,http://www.punchng.com/columnists/girls-club/president-buhari-must-read-this/,-3.06946688206785
468239601,20150919,"Borno State, Borno, Nigeria","Borno State, Borno, Nigeria",20150919001500,http://www.vanguardngr.com/2015/09/northern-nigeria-papering-over-boko-haram-cracks/,-5.20039748261013
468239602,20150919,"Dadin Kowa, Kaduna, Nigeria","Borno State, Borno, Nigeria",20150919001500,http://www.vanguardngr.com/2015/09/northern-nigeria-papering-over-boko-haram-cracks/,-5.20039748261013
468522207,20150920,"Kwara State, Kwara, Nigeria","Kwara State, Kwara, Nigeria",20150920063000,http://thenationonlineng.net/needless-abductions/,-4.04191616766467
468522214,20150920,"Kwara State, Kwara, Nigeria","Kwara State, Kwara, Nigeria",20150920063000,http://thenationonlineng.net/needless-abductions/,-4.04191616766467
468522215,20150920,"Kwara State, Kwara, Nigeria","Lagos State, Lagos, Nigeria",20150920063000,http://thenationonlineng.net/needless-abductions/,-4.04191616766467
468522216,20150920,"Kwara State, Kwara, Nigeria","Kwara State, Kwara, Nigeria",20150920063000,http://thenationonlineng.net/needless-abductions/,-4.04191616766467
468546731,20150920,"Benue State, Benue, Nigeria","Nasarawa, Sokoto, Nigeria",20150920091500,http://nigerianpilot.com/police-rescue-former-varsity-vc-from-kidnappers/,-4.37062937062938
468546732,20150920,"Benue State, Benue, Nigeria","Nasarawa, Sokoto, Nigeria",20150920091500,http://nigerianpilot.com/police-rescue-former-varsity-vc-from-kidnappers/,-4.37062937062938
468546735,20150920,"Benue State, Benue, Nigeria","Makurdi, Benue, Nigeria",20150920091500,http://nigerianpilot.com/police-rescue-former-varsity-vc-from-kidnappers/,-4.37062937062938
468546736,20150920,"Benue State, Benue, Nigeria","Makurdi, Benue, Nigeria",20150920091500,http://nigerianpilot.com/police-rescue-former-varsity-vc-from-kidnappers/,-4.37062937062938
468546748,20150920,"Nasarawa, Sokoto, Nigeria","Makurdi, Benue, Nigeria",20150920091500,http://nigerianpilot.com/police-rescue-former-varsity-vc-from-kidnappers/,-4.37062937062938
468546754,20150920,Nigeria,Nigeria,20150920091500,http://nigerianpilot.com/saraki-saga-pdp-apc-in-war-of-words/,-8.38852097130238
468553240,20150920,"Lagos, Lagos, Nigeria",Egypt,20150920100000,http://www.tv360nigeria.com/apc-warns-pdp-against-distracting-buhari/,-7.76892430278886
468553241,20150920,"Lagos, Lagos, Nigeria",Egypt,20150920100000,http://www.tv360nigeria.com/apc-warns-pdp-against-distracting-buhari/,-7.76892430278886
468613688,20150920,"Delta State, Delta, Nigeria","Delta State, Delta, Nigeria",20150920164500,http://www.nigerianobservernews.com/2015/09/20/police-rescue-kidnapped-75-year-old-woman-in-delta/,-7.00389105058366
468613689,20150920,"Delta State, Delta, Nigeria","Delta State, Delta, Nigeria",20150920164500,http://www.nigerianobservernews.com/2015/09/20/police-rescue-kidnapped-75-year-old-woman-in-delta/,-7.00389105058366
469067621,20150922,"Chibok, Borno, Nigeria","Chibok, Borno, Nigeria",20150922041500,http://www.globaltimes.cn/content/943725.shtml,-1.73160173160174
469071443,20150922,"Ilado, Ondo, Nigeria","Ilado, Ondo, Nigeria",20150922043000,http://www.ngrguardiannews.com/2015/09/olu-falae-kidnapped-on-his-77th-birthday/,-4.85714285714286
469071444,20150922,"Ilado, Ondo, Nigeria","Oyo State, Oyo, Nigeria",20150922043000,http://www.ngrguardiannews.com/2015/09/olu-falae-kidnapped-on-his-77th-birthday/,-4.85714285714286
469071445,20150922,"Borno State, Borno, Nigeria","Borno State, Borno, Nigeria",20150922043000,http://dailytrust.com.ng/news/general/5000-gallant-soldiers-get-rank-in-december/111850.html,-0.46224961479198
469071446,20150922,"Chibok, Borno, Nigeria","Chibok, Borno, Nigeria",20150922043000,http://dailytrust.com.ng/news/general/5000-gallant-soldiers-get-rank-in-december/111850.html,-0.46224961479198
469098199,20150922,"Ondo State, Ondo, Nigeria","Ondo State, Ondo, Nigeria",20150922064500,http://www.thisdaylive.com/articles/olu-falae-kidnapped-on-77th-birthday-abductors-demand-n100m-ransom/220882/,-5.65167243367936
469098208,20150922,"Akure, Ondo, Nigeria","Akure, Ondo, Nigeria",20150922064500,http://www.thisdaylive.com/articles/olu-falae-kidnapped-on-77th-birthday-abductors-demand-n100m-ransom/220882/,-5.65167243367936
469107723,20150921,"Borno State, Borno, Nigeria","Maiduguri, Borno, Nigeria",20150922073000,http://celebcafe.org/three-explosions-rock-city-in-nigeria-s-borno-state-6894/,-8.1967213114754
469131876,20150922,"Ilado, Ondo, Nigeria","Ilado, Ondo, Nigeria",20150922091500,http://thenews-chronicle.com/falae-kidnapped-abductors-demand-n100m-ransom/,-4.07288317256163
469131877,20150922,"Ondo State, Ondo, Nigeria","Ilado, Ondo, Nigeria",20150922091500,http://thenews-chronicle.com/falae-kidnapped-abductors-demand-n100m-ransom/,-4.07288317256163
469185406,20150922,"Akure, Ondo, Nigeria","Kayode, Nigeria (general), Nigeria",20150922123000,http://www.nairaland.com/2616420/there-consequences-falae-not-freed,-3.81593714927048
469185407,20150922,"Kano, Kano, Nigeria","Kano, Kano, Nigeria",20150922123000,http://www.nairaland.com/2616420/there-consequences-falae-not-freed,-3.81593714927048
469185421,20150922,"Daudu, Katsina, Nigeria","Daudu, Katsina, Nigeria",20150922123000,https://www.naij.com/558726-newspaper-review-sarakis-tavails-olu-falaes-kidnap-dominate-front-pages.html,-3.54838709677419
469209583,20150922,"Chibok, Borno, Nigeria","Chibok, Borno, Nigeria",20150922140000,http://en.starafrica.com/news/nigerian-army-chief-raises-hope-of-release-of-abducted-schoolgirls.html,0.61349693251534
469209623,20150922,"Chibok, Borno, Nigeria","Chibok, Borno, Nigeria",20150922140000,http://en.starafrica.com/news/nigerian-army-chief-raises-hope-of-release-of-abducted-schoolgirls.html,0.61349693251534
469218151,20150922,"Buratai, Borno, Nigeria","Buratai, Borno, Nigeria",20150922143000,http://www.apanews.net/news/en/article.php?id=834413,0.65359477124183
469271141,20150922,"Maiduguri, Borno, Nigeria","Maiduguri, Borno, Nigeria",20150922173000,http://www.tngovwatch.org/the-09222015-jihad-watch-daily-digest-hamas-linked-cair-ejects-breitbart-reporter-from-anti-carson-press-conference-islamic-jihadists-burn-musicians-piano-because-music-is-un-i/,-5.04385964912281
469271142,20150922,"Maiduguri, Borno, Nigeria","Sirte, Sha`biyat Surt, Libya",20150922173000,http://www.tngovwatch.org/the-09222015-jihad-watch-daily-digest-hamas-linked-cair-ejects-breitbart-reporter-from-anti-carson-press-conference-islamic-jihadists-burn-musicians-piano-because-music-is-un-i/,-5.04385964912281
468625668,20150920,"Gombe, Gombe, Nigeria","Gombe, Gombe, Nigeria",20150920180000,http://nigerianewspapers.com.ng/saudi-tragedy-nigerian-victims-to-receive-n398-1m-as-compensation/,-8.95522388059701
468625669,20150920,"Gombe, Gombe, Nigeria","Kaduna, Kaduna, Nigeria",20150920180000,http://nigerianewspapers.com.ng/saudi-tragedy-nigerian-victims-to-receive-n398-1m-as-compensation/,-8.95522388059701
468625670,20150920,"Gombe, Gombe, Nigeria","Mecca, Makkah, Saudi Arabia",20150920180000,http://nigerianewspapers.com.ng/saudi-tragedy-nigerian-victims-to-receive-n398-1m-as-compensation/,-8.95522388059701
468625671,20150920,"Kaduna, Kaduna, Nigeria","Kaduna, Kaduna, Nigeria",20150920180000,http://nigerianewspapers.com.ng/saudi-tragedy-nigerian-victims-to-receive-n398-1m-as-compensation/,-8.95522388059701
468625672,20150920,"Kaduna, Kaduna, Nigeria","Mecca, Makkah, Saudi Arabia",20150920180000,http://nigerianewspapers.com.ng/saudi-tragedy-nigerian-victims-to-receive-n398-1m-as-compensation/,-8.95522388059701
468625673,20150920,"Mecca, Makkah, Saudi Arabia","Gombe, Gombe, Nigeria",20150920180000,http://nigerianewspapers.com.ng/saudi-tragedy-nigerian-victims-to-receive-n398-1m-as-compensation/,-8.95522388059701
468637886,20150920,"Buhari, Kano, Nigeria","Buhari, Kano, Nigeria",20150920193000,http://www.channelstv.com/2015/09/20/apc-accuses-pdp-of-finding-faults-unnecessarily-2/,-8.96551724137934
468676099,20150921,"Buhari, Kano, Nigeria","Buhari, Kano, Nigeria",20150921001500,http://www.nairaland.com/2613242/apc-spokesman-lai-threatens-sue,-2.82413350449294
468676100,20150921,"Kwara, Zamfara, Nigeria","Buhari, Kano, Nigeria",20150921001500,http://www.nairaland.com/2613242/apc-spokesman-lai-threatens-sue,-2.82413350449294
468676122,20150921,"Osun, Nigeria (general), Nigeria","Buhari, Kano, Nigeria",20150921001500,http://www.nairaland.com/2613242/apc-spokesman-lai-threatens-sue,-2.82413350449294
468676123,20150921,"Osun, Nigeria (general), Nigeria","Osun, Nigeria (general), Nigeria",20150921001500,http://www.nairaland.com/2613242/apc-spokesman-lai-threatens-sue,-2.82413350449294
468680090,20150921,"Abuja, Abuja Federal Capital Territory, Nigeria","Abuja, Abuja Federal Capital Territory, Nigeria",20150921003000,http://www.thisdaylive.com/articles/presidency-buhari-cannot-stop-senator-sarakis-trial/220775/,-5.92
468699343,20150921,"Chibok, Borno, Nigeria","Chibok, Borno, Nigeria",20150921020000,http://leadership.ng/opinions/462047/okoties-flakes-on-same-sex-marriage,-1.42231947483589
468712289,20150921,"Bayelsa State, Bayelsa, Nigeria","Ogbogoro, Rivers, Nigeria",20150921031500,http://nigerianpilot.com/police-foil-attempt-to-kidnap-bayelsa-monarch/,-6.27062706270627
468712290,20150921,"Bayelsa State, Bayelsa, Nigeria","Bayelsa State, Bayelsa, Nigeria",20150921031500,http://nigerianpilot.com/police-foil-attempt-to-kidnap-bayelsa-monarch/,-6.27062706270627
468712299,20150921,"Yenagoa, Bayelsa, Nigeria","Yenagoa, Bayelsa, Nigeria",20150921031500,http://nigerianpilot.com/police-foil-attempt-to-kidnap-bayelsa-monarch/,-6.27062706270627
468712300,20150921,"Bayelsa State, Bayelsa, Nigeria","Bayelsa State, Bayelsa, Nigeria",20150921031500,http://nigerianpilot.com/police-foil-attempt-to-kidnap-bayelsa-monarch/,-6.27062706270627
468722731,20150921,"Maiduguri, Borno, Nigeria","Maiduguri, Borno, Nigeria",20150921041500,http://www.informador.com.mx/internacional/2015/615458/6/estallan-tres-bombas-en-el-noroeste-de-nigeria.htm,-9.0047393364929
468747821,20150921,"Borno State, Borno, Nigeria","Borno State, Borno, Nigeria",20150921063000,http://allafrica.com/stories/201509210098.html,-5.41432816110928
468747822,20150921,"Dadin Kowa, Kaduna, Nigeria","Dadin Kowa, Kaduna, Nigeria",20150921063000,http://allafrica.com/stories/201509210098.html,-5.41432816110928
468299315,20150919,Nigeria,Burkina Faso,20150919053000,http://nigerianpilot.com/buhari-condemns-coup-in-burkina-faso/,1.8348623853211
468299344,20150919,Nigeria,Burkina Faso,20150919053000,http://nigerianpilot.com/buhari-condemns-coup-in-burkina-faso/,1.8348623853211
468470506,20150920,"Lagos, Lagos, Nigeria","Lagos, Lagos, Nigeria",20150920003000,http://thenationonlineng.net/president-buhari-must-read-this/,-3.31491712707183
468475546,20150920,"Calabar, Cross River, Nigeria","Calabar, Cross River, Nigeria",20150920010000,http://thenationonlineng.net/unruly-libido/,-6.11940298507463
468475547,20150920,"Calabar, Cross River, Nigeria","Lagos, Lagos, Nigeria",20150920010000,http://thenationonlineng.net/unruly-libido/,-6.11940298507463
468475568,20150920,"Calabar, Cross River, Nigeria","Lagos, Lagos, Nigeria",20150920010000,http://thenationonlineng.net/unruly-libido/,-6.11940298507463
468812780,20150920,"Abakaliki, Ebonyi, Nigeria","Abakaliki, Ebonyi, Nigeria",20150921111500,http://nationalmirroronline.net/new/police-parade-3-kidnap-suspects-in-ebonyi/,-5.49132947976879
468845057,20150921,"Buhari, Kano, Nigeria","Buhari, Kano, Nigeria",20150921131500,http://omojuwa.com/2015/09/apc-accuses-pdp-of-finding-faults-unnecessarily/,-10.4575163398693
468845062,20150921,"Maiduguri, Borno, Nigeria","Maiduguri, Borno, Nigeria",20150921131500,http://www.thestar.com.my/News/World/2015/09/21/At-least-54-people-killed-in-bomb-blasts-in-Nigerias-Maiduguri/,-9.4339622641509
468852973,20150921,"Maiduguri, Borno, Nigeria","Maiduguri, Borno, Nigeria",20150921134500,http://www.canindia.com/2015/09/nine-killed-over-40-injured-in-nigeria-blasts/,-16.3489712130805
468875569,20150921,"Adamawa, Nigeria (general), Nigeria","Adamawa, Nigeria (general), Nigeria",20150921150000,http://www.trtturk.com/haber/nijeryada-camiye-bombali-saldiri-duzenlendi-151844.html,-6.72268907563025
468881717,20150921,"Kano, Kano, Nigeria","Kano, Kano, Nigeria",20150921153000,http://www.longwarjournal.org/archives/2015/09/the-islamic-state-west-africa-continues-to-utilize-women-as-suicide-bombers.php,-11.2236944660951
468907082,20150921,"Borno State, Borno, Nigeria","Borno State, Borno, Nigeria",20150921170000,http://www.mfs-theothernews.com/search/label/Islam%20and%20slaves,-4.99270072992701
468907083,20150921,France,France,20150921170000,http://www.mfs-theothernews.com/search/label/Islam%20and%20slaves,-4.99270072992701
468938374,20150921,"Maiduguri, Borno, Nigeria","Borno State, Borno, Nigeria",20150921190000,http://thenationonlineng.net/update-54-killed-95-injured-in-maiduguri-blasts/,-12.3853211009174
468938386,20150921,"Maiduguri, Borno, Nigeria","Borno State, Borno, Nigeria",20150921190000,http://thenationonlineng.net/update-54-killed-95-injured-in-maiduguri-blasts/,-12.3853211009174
468938387,20150921,"Maiduguri, Borno, Nigeria","Maiduguri, Borno, Nigeria",20150921190000,http://thenationonlineng.net/update-54-killed-95-injured-in-maiduguri-blasts/,-12.3853211009174
468952114,20150921,"Chibok, Borno, Nigeria","Chibok, Borno, Nigeria",20150921200000,http://www.tv360nigeria.com/army-to-rescue-chibok-girls-as-whereabouts-remain-unknown/,-0.77519379844961
468955227,20150921,"Akure, Ondo, Nigeria","Akure, Ondo, Nigeria",20150921201500,http://dailyindependentnig.com/2015/09/update-falaes-abductors-demand-n100m/,-4.14746543778801
468982673,20150921,"Akure, Ondo, Nigeria","Akure, Ondo, Nigeria",20150921223000,http://ireports-ng.com/2015/09/21/olu-falaes-kinsmen-deploy-hunters-to-rescue-him-from-kidnappers-as-abductors-demand-n100m-ransom/,-4.60048426150121
468994323,20150921,"Chibok, Borno, Nigeria","Chibok, Borno, Nigeria",20150921233000,http://nationalmirroronline.net/new/chibok-girls-and-the-unanswered-questions-2/,-5.59610705596107
468994324,20150921,"Buhari, Kano, Nigeria","Buhari, Kano, Nigeria",20150921233000,http://nationalmirroronline.net/new/chibok-girls-and-the-unanswered-questions-2/,-5.59610705596107
468994349,20150921,"Ilado, Ondo, Nigeria","Ilado, Ondo, Nigeria",20150921233000,http://nationalmirroronline.net/new/falae-kidnapped-abductors-demand-n100m-ransom/,-4.0948275862069
468994350,20150921,"Ondo State, Ondo, Nigeria","Ilado, Ondo, Nigeria",20150921233000,http://nationalmirroronline.net/new/falae-kidnapped-abductors-demand-n100m-ransom/,-4.0948275862069
468997096,20150921,"Igbotako, Ondo, Nigeria","Akungba, Ondo, Nigeria",20150921234500,http://thenationonlineng.net/falaes-abductors-demand-n100m/,-3.31325301204819
468997097,20150921,"Igbotako, Ondo, Nigeria","Okitipupa, Ondo, Nigeria",20150921234500,http://thenationonlineng.net/falaes-abductors-demand-n100m/,-3.31325301204819
468997098,20150921,"Igbotako, Ondo, Nigeria","Olugbo, Nigeria (general), Nigeria",20150921234500,http://thenationonlineng.net/falaes-abductors-demand-n100m/,-3.31325301204819
468997099,20150921,"Olugbo, Nigeria (general), Nigeria","Okitipupa, Ondo, Nigeria",20150921234500,http://thenationonlineng.net/falaes-abductors-demand-n100m/,-3.31325301204819
469008533,20150922,"Yobe, Yobe, Nigeria","Yobe, Yobe, Nigeria",20150922001500,http://news.xinhuanet.com/english/2015-09/22/c_134646167.htm,-1.62337662337663
469008537,20150922,"Abuja, Abuja Federal Capital Territory, Nigeria","Chibok, Borno, Nigeria",20150922001500,http://news.xinhuanet.com/english/2015-09/22/c_134646167.htm,-1.62337662337663
469008538,20150922,"Chibok, Borno, Nigeria","Chibok, Borno, Nigeria",20150922001500,http://news.xinhuanet.com/english/2015-09/22/c_134646167.htm,-1.62337662337663
469008539,20150922,"Lagos, Lagos, Nigeria","Chibok, Borno, Nigeria",20150922001500,http://news.xinhuanet.com/english/2015-09/22/c_134646167.htm,-1.62337662337663
469008540,20150922,"Lagos, Lagos, Nigeria","Lagos, Lagos, Nigeria",20150922001500,http://news.xinhuanet.com/english/2015-09/22/c_134646167.htm,-1.62337662337663
469014429,20150922,"Ilado, Ondo, Nigeria","Ilado, Ondo, Nigeria",20150922003000,http://www.punchng.com/news/gunmen-demand-n100m-ransom-to-release-olu-falae/,-4.80349344978166
469023355,20150922,"Fulani, Zamfara, Nigeria","Fulani, Zamfara, Nigeria",20150922010000,http://www.vanguardngr.com/2015/09/how-fulani-herdsmen-attacked-falae-police/,-4.78723404255319
469043073,20150921,"Kayode, Nigeria (general), Nigeria","Akure, Ondo, Nigeria",20150922023000,http://sunnewsonline.com/new/hoodlums-kidnap-falae-in-ondo/,-3.62756952841597
469043074,20150921,"Kayode, Nigeria (general), Nigeria","Kaduna, Kaduna, Nigeria",20150922023000,http://sunnewsonline.com/new/hoodlums-kidnap-falae-in-ondo/,-3.62756952841597
469044748,20150922,"Kano, Kano, Nigeria","Kano, Kano, Nigeria",20150922023000,http://freerepublic.com/focus/f-news/3339685/posts,-11.2135176651306
469044762,20150922,"Akure, Ondo, Nigeria","Akure, Ondo, Nigeria",20150922023000,http://sunnewsonline.com/new/hoodlums-kidnap-falae-in-ondo/,-3.62756952841597
469055312,20150922,"Maiduguri, Borno, Nigeria","Maiduguri, Borno, Nigeria",20150922030000,http://www.mdzol.com/nota/630598-un-atentado-de-boko-haram-causo-85-muertes/,-11.1111111111111
469055313,20150922,"Maiduguri, Borno, Nigeria","Maiduguri, Borno, Nigeria",20150922030000,http://www.mdzol.com/nota/630598-un-atentado-de-boko-haram-causo-85-muertes/,-11.1111111111111
